Organization,Followed On
Reckonsys Tech Labs,Wed Jul 17 18:11:12 UTC 2024
Vaisesika,Tue Jul 16 10:52:48 UTC 2024
ROKiT ,Sat Jul 13 13:57:49 UTC 2024
NextGen Healthcare India,Fri Jul 12 09:49:14 UTC 2024
Elliott Moss Consulting,Wed Jul 10 05:14:20 UTC 2024
Maveric Systems Limited,Wed Jul 10 05:13:35 UTC 2024
Neo Wealth and Asset Management,Sun Jul 07 16:51:04 UTC 2024
StatusNeo,Fri Jul 05 04:04:17 UTC 2024
Forage AI,Fri Jul 05 04:03:43 UTC 2024
avua,Wed Jul 03 17:04:04 UTC 2024
Gemraj Technologies Ltd ,Wed Jul 03 04:30:17 UTC 2024
Neon Digital Media,Fri Jun 28 04:28:27 UTC 2024
Revature,Mon Jun 24 07:55:37 UTC 2024
NuFlights,Mon Jun 24 06:58:52 UTC 2024
Zinnia,Sun Jun 23 14:14:22 UTC 2024
KPIT,Sun Jun 23 14:12:42 UTC 2024
Tek Leaders Inc,Sun Jun 23 14:12:03 UTC 2024
DViO Digital,Sun Jun 23 14:11:06 UTC 2024
Cybage Software,Sun Jun 23 14:05:49 UTC 2024
Accolite,Sun Jun 16 04:32:46 UTC 2024
Divyal Technologies Pvt Ltd,Sun Jun 16 04:32:13 UTC 2024
Digiwagon Technologies,Sat Jun 15 18:31:06 UTC 2024
"Infosoft, Inc.",Sat Jun 15 16:41:37 UTC 2024
Solytics Partners,Sat Jun 15 16:36:15 UTC 2024
Qubrid AI,Thu Jun 13 13:23:04 UTC 2024
Wipro,Wed Jun 12 18:40:11 UTC 2024
Tietoevry,Wed Jun 12 18:39:01 UTC 2024
Luxoft,Wed Jun 12 18:38:01 UTC 2024
RapidBrains,Wed Jun 12 06:14:19 UTC 2024
i-Qode Digital Solutions,Tue Jun 11 09:09:29 UTC 2024
LTIMindtree,Sat Jun 08 06:44:22 UTC 2024
Universal Software ,Sat Jun 08 02:19:53 UTC 2024
Pi Square Technologies,Fri Jun 07 08:23:02 UTC 2024
CodeMax IT Solutions Pvt. Ltd.,Tue Jun 04 02:42:13 UTC 2024
FA DEV IT Solutions,Sat Jun 01 14:37:36 UTC 2024
Cubegle Technologies,Wed May 08 16:50:31 UTC 2024
XO Software Limited,Tue Apr 30 17:23:09 UTC 2024
2Pointers,Thu Apr 11 09:20:52 UTC 2024
Programming.com,Wed Mar 27 10:53:17 UTC 2024
KickStart Rocket,Tue Mar 26 03:35:21 UTC 2024
Capter Money Solutions Pvt. Ltd.,Fri Feb 09 11:21:14 UTC 2024
HCD DREAM Interior Solutions Pvt Ltd,Wed Jan 10 10:26:19 UTC 2024
TREESHA INFOTECH,Mon Jan 01 17:57:52 UTC 2024
CrawlApps - Shopify Agency,Wed Dec 06 08:15:46 UTC 2023
Talentgigs,Thu Nov 23 06:47:24 UTC 2023
eDAS - Eureka Digitisation and Automation Services,Tue Nov 21 04:44:18 UTC 2023
Kamtech Associates Private Limited,Tue Oct 31 04:51:39 UTC 2023
Yotta Software Solutions(YSS),Mon Oct 23 12:04:55 UTC 2023
Techster Info Solutions,Fri Oct 20 06:37:22 UTC 2023
inforapper.ai,Tue Oct 03 16:14:20 UTC 2023
Aimate India,Fri Sep 22 04:36:31 UTC 2023
IBO,Thu Aug 10 13:53:50 UTC 2023
TraceNcode Technologies Pvt. Ltd. | Odoo Partner Company,Thu Aug 10 05:44:44 UTC 2023
4devnet.com,Wed Aug 09 16:34:10 UTC 2023
Voyantt Consultancy Services LLP,Wed Aug 09 16:33:32 UTC 2023
SPM Global Technologies,Wed Aug 09 11:57:50 UTC 2023
BNF Technology Inc.,Wed Aug 09 11:53:34 UTC 2023
InterviewVector,Wed Aug 09 11:53:00 UTC 2023
Fusie Engineers,Wed Aug 09 07:39:58 UTC 2023
Bassam InfoTech,Wed Aug 09 07:39:11 UTC 2023
Growel Softech Pvt Ltd,Mon Aug 07 09:59:23 UTC 2023
EndoSoft,Mon Aug 07 07:53:18 UTC 2023
Spendflo,Mon Aug 07 07:44:09 UTC 2023
"Human Edge (Live healthier, for longer)",Mon Aug 07 06:22:33 UTC 2023
Nirvedha Research,Sat Aug 05 13:24:45 UTC 2023
Zithara.AI,Fri Aug 04 16:36:07 UTC 2023
TalentPro India,Fri Aug 04 09:15:40 UTC 2023
Vsynergize AI,Fri Aug 04 09:14:36 UTC 2023
EA Tech Digital,Fri Aug 04 09:13:46 UTC 2023
ApniBus,Fri Aug 04 09:11:57 UTC 2023
Recode Solutions,Fri Aug 04 07:08:19 UTC 2023
Spontaneousenterprise,Fri Aug 04 06:46:53 UTC 2023
Updraft,Fri Aug 04 04:50:17 UTC 2023
A3Logics,Fri Aug 04 04:49:07 UTC 2023
impress.ai,Fri Aug 04 04:48:35 UTC 2023
Cravit,Fri Aug 04 03:39:43 UTC 2023
E2E Consultants,Thu Aug 03 18:57:48 UTC 2023
Acesoft Labs India Pvt. Ltd.,Thu Aug 03 18:30:25 UTC 2023
Gksv India,Thu Aug 03 18:28:56 UTC 2023
Technotrust Solutions,Thu Aug 03 18:27:43 UTC 2023
Convin,Thu Aug 03 15:34:47 UTC 2023
Veracious Perfect CS Pvt. Ltd.,Thu Aug 03 15:31:33 UTC 2023
MYn App,Thu Aug 03 12:33:30 UTC 2023
Ethics Infotech ,Thu Aug 03 06:19:24 UTC 2023
Learniphi Technology,Thu Aug 03 02:11:32 UTC 2023
Botspot Infoware Pvt Ltd,Wed Aug 02 06:31:37 UTC 2023
Crescent Techservices,Wed Aug 02 03:45:42 UTC 2023
Cloudium Software,Tue Aug 01 12:54:09 UTC 2023
TREQ,Tue Aug 01 12:52:05 UTC 2023
Euclidz Technologies,Tue Aug 01 12:51:24 UTC 2023
Nutrabay,Tue Aug 01 12:48:12 UTC 2023
TechSpawn Solutions,Tue Aug 01 12:46:29 UTC 2023
Seize The Ads Pvt Ltd.,Tue Aug 01 10:00:12 UTC 2023
Foundation AI,Tue Aug 01 09:39:35 UTC 2023
Replicon,Tue Aug 01 09:38:52 UTC 2023
Nutshell Infosoft Private Limited,Tue Aug 01 09:01:58 UTC 2023
CallHub,Tue Aug 01 08:58:29 UTC 2023
Demyst,Tue Aug 01 06:55:14 UTC 2023
HTC Global Services,Tue Aug 01 06:54:35 UTC 2023
Deloitte,Tue Aug 01 06:54:13 UTC 2023
Anzo Controls,Tue Aug 01 06:53:24 UTC 2023
iMind Business Consulting Inc. | iMind Your Business,Tue Aug 01 06:53:06 UTC 2023
PyjamaHR,Tue Aug 01 06:48:35 UTC 2023
AiLOQ CORP.,Tue Aug 01 06:42:09 UTC 2023
Cyfuture India Private Limited (Go4Hosting),Tue Aug 01 03:34:26 UTC 2023
Whites,Tue Aug 01 03:33:51 UTC 2023
Cyperts Digital Solutions Pvt. Ltd.,Tue Aug 01 03:32:07 UTC 2023
ARH Venturres,Tue Aug 01 03:31:29 UTC 2023
Surekha Technologies,Mon Jul 31 12:00:45 UTC 2023
Indium Software,Mon Jul 31 08:22:29 UTC 2023
All Time Design,Mon Jul 31 08:22:01 UTC 2023
Stead,Mon Jul 31 08:18:54 UTC 2023
TechKhedut Inc.,Mon Jul 31 08:17:34 UTC 2023
Helloapps,Mon Jul 31 06:21:35 UTC 2023
Associative,Mon Jul 31 06:20:21 UTC 2023
Shanti Infosoft LLP - A CMMI Level 5 Company,Mon Jul 31 06:18:47 UTC 2023
HexaCoder Technologies,Mon Jul 31 06:17:56 UTC 2023
Narrato,Mon Jul 31 03:45:39 UTC 2023
Blu Ocean Innovations pvt ltd,Mon Jul 31 03:42:04 UTC 2023
EX-Cellent Technologies,Sat Jul 29 10:32:00 UTC 2023
Vidhema Technologies,Fri Jul 28 11:01:07 UTC 2023
Inferenz,Fri Jul 28 10:59:50 UTC 2023
QualityKiosk Technologies Pvt. Ltd.,Fri Jul 28 03:41:47 UTC 2023
Bizople,Thu Jul 27 15:37:17 UTC 2023
Stranbys Info Solutions FZC,Thu Jul 27 15:37:09 UTC 2023
myEZcare,Thu Jul 27 09:49:25 UTC 2023
Vishleshan Software Solutions,Thu Jul 27 09:49:11 UTC 2023
Shresh Technologies,Thu Jul 27 07:32:58 UTC 2023
Dolat Capital ,Thu Jul 27 07:31:48 UTC 2023
Insife,Thu Jul 27 07:30:55 UTC 2023
Infiniti Research Ltd.,Thu Jul 27 06:52:54 UTC 2023
techQuaint,Thu Jul 27 06:52:17 UTC 2023
Formics.io,Thu Jul 27 06:51:53 UTC 2023
Tatvic ®,Thu Jul 27 06:50:09 UTC 2023
Cloudmonte Technologies Pvt Ltd,Thu Jul 27 06:44:44 UTC 2023
Ingenious e-Brain ,Wed Jul 26 14:40:19 UTC 2023
Intellect Outsource,Wed Jul 26 14:39:52 UTC 2023
Dhira,Wed Jul 26 14:39:11 UTC 2023
Institution,Wed Jul 26 14:37:30 UTC 2023
Empire,Wed Jul 26 14:37:17 UTC 2023
Tata Elxsi,Wed Jul 26 14:36:49 UTC 2023
TP India Network Pvt Ltd,Wed Jul 26 09:11:14 UTC 2023
Inkulture Corporation,Wed Jul 26 09:10:46 UTC 2023
KOLI Infotech Pvt. Ltd.,Wed Jul 26 09:10:17 UTC 2023
CodersBrain,Wed Jul 26 07:59:10 UTC 2023
UST,Wed Jul 26 05:37:42 UTC 2023
Antal International,Wed Jul 26 05:35:56 UTC 2023
CHRP-INDIA PVT. LTD.,Tue Jul 25 18:55:54 UTC 2023
EDOFOX,Tue Jul 25 17:24:30 UTC 2023
Lemon Careers,Tue Jul 25 17:19:29 UTC 2023
SD IT Service,Tue Jul 25 17:18:41 UTC 2023
Inteliwaves,Tue Jul 25 11:22:39 UTC 2023
Kazma Technology Pvt. Ltd.,Tue Jul 25 11:17:20 UTC 2023
Marktine Technology Solutions Pvt Ltd,Tue Jul 25 11:16:49 UTC 2023
Electrifex,Tue Jul 25 06:36:04 UTC 2023
FAYA,Tue Jul 25 06:30:51 UTC 2023
RankBrain Media Pvt.Ltd,Tue Jul 25 06:30:17 UTC 2023
techjays,Tue Jul 25 04:35:29 UTC 2023
Dezynex Technology Solutions,Tue Jul 25 04:27:35 UTC 2023
Make Visions Outsourcing Pvt Ltd,Mon Jul 24 17:33:43 UTC 2023
TechUnited Corporation,Mon Jul 24 17:32:15 UTC 2023
Biztech Consulting & Solutions,Mon Jul 24 10:52:49 UTC 2023
Unstop ,Mon Jul 24 10:49:17 UTC 2023
Screatives Software Services Pvt. Ltd.,Mon Jul 24 09:15:28 UTC 2023
SkillGigs.com,Mon Jul 24 08:46:27 UTC 2023
Envertis Software Solutions,Mon Jul 24 08:34:50 UTC 2023
One Degree North HR Services,Mon Jul 24 05:52:08 UTC 2023
Jash Data Sciences,Mon Jul 24 05:48:25 UTC 2023
AmyGB.ai,Mon Jul 24 05:47:13 UTC 2023
Otryx Systems Pvt Ltd,Mon Jul 24 04:06:40 UTC 2023
Delphic (India),Sun Jul 23 17:30:59 UTC 2023
Apziva,Sat Jul 22 09:21:23 UTC 2023
Tree Top Staffing LLC,Sat Jul 22 07:07:58 UTC 2023
krtrimaIQ Cognitive Solutions,Sat Jul 22 07:07:15 UTC 2023
MetaBoxfy,Sat Jul 22 00:28:25 UTC 2023
The Hub,Fri Jul 21 15:39:04 UTC 2023
EWall Solutions Pvt Ltd,Fri Jul 21 12:18:37 UTC 2023
Stemmons Business Services Pvt. Ltd.,Fri Jul 21 12:17:01 UTC 2023
JALA Academy,Fri Jul 21 12:15:52 UTC 2023
C9LAB (Pinak Infosec Pvt. Ltd.),Fri Jul 21 12:15:33 UTC 2023
Anvi Cybernetics,Fri Jul 21 12:15:10 UTC 2023
McMillan Technologies and Consultancy Services Pvt. Ltd,Fri Jul 21 12:06:26 UTC 2023
Ab infocom,Fri Jul 21 08:27:08 UTC 2023
KeyValue Software Systems,Fri Jul 21 08:24:31 UTC 2023
Zcodia Technologies,Fri Jul 21 05:08:15 UTC 2023
Oretes Consulting Pvt. Ltd,Fri Jul 21 02:48:03 UTC 2023
ZILLION TECH SOLUTIONS LIMITED,Fri Jul 21 02:42:23 UTC 2023
Grey Chain,Fri Jul 21 02:42:06 UTC 2023
Huptech HR Solutions,Thu Jul 20 18:09:49 UTC 2023
Bista Solutions Inc,Thu Jul 20 18:08:52 UTC 2023
Angel and Genie,Thu Jul 20 16:23:43 UTC 2023
AS Technology Corporation,Thu Jul 20 13:39:41 UTC 2023
DunRite Technologies Private Limited,Thu Jul 20 13:37:22 UTC 2023
MarsDevs,Thu Jul 20 09:05:59 UTC 2023
AKS ProTalent,Thu Jul 20 09:04:00 UTC 2023
Wildnet Technologies,Thu Jul 20 09:02:09 UTC 2023
Dimensionless Technologies,Thu Jul 20 08:58:20 UTC 2023
Odoo Developers,Thu Jul 20 07:57:01 UTC 2023
TagDog Media,Wed Jul 19 18:02:48 UTC 2023
Looper Development Services ,Wed Jul 19 17:57:20 UTC 2023
Perfect Technologies,Wed Jul 19 17:47:28 UTC 2023
Subtlelabs,Wed Jul 19 10:35:59 UTC 2023
Cyfuture,Wed Jul 19 08:36:24 UTC 2023
IconicBizz,Wed Jul 19 08:34:43 UTC 2023
DigitalRecruiter™ App,Wed Jul 19 08:32:55 UTC 2023
Professional Assistance For Development Action (PRADAN),Wed Jul 19 08:31:18 UTC 2023
Squareboat,Wed Jul 19 08:30:36 UTC 2023
Pixelo Digital ,Wed Jul 19 08:28:58 UTC 2023
IBV Technologies Pvt Ltd,Wed Jul 19 08:28:31 UTC 2023
Spectrum Softtech Solutions Pvt. Ltd.,Wed Jul 19 08:27:52 UTC 2023
Shoppeal Tech,Wed Jul 19 08:24:08 UTC 2023
ReaCredence IT Solutions Inc,Wed Jul 19 08:23:06 UTC 2023
AQUASoft,Wed Jul 19 08:22:33 UTC 2023
Koantek,Wed Jul 19 08:20:51 UTC 2023
Vivadiant Private Limited,Wed Jul 19 08:17:15 UTC 2023
Cron Labs ,Wed Jul 19 08:16:56 UTC 2023
Latitude Technolabs Pvt. Ltd.,Wed Jul 19 08:09:14 UTC 2023
ManekTech,Tue Jul 18 15:59:36 UTC 2023
TRooTech,Tue Jul 18 15:51:58 UTC 2023
Eightwe Digital Transformations Pvt. Ltd.,Tue Jul 18 12:37:14 UTC 2023
AI NXT Technovations Private Limited,Tue Jul 18 11:06:03 UTC 2023
SECRET TECHNOLOGIES INDIA (VMS GROUP),Tue Jul 18 11:03:35 UTC 2023
Skyleaf Consultants LLP,Tue Jul 18 11:02:14 UTC 2023
Semly Pro - The SEO Company,Tue Jul 18 10:59:20 UTC 2023
Wenger & Watson Inc,Tue Jul 18 10:58:31 UTC 2023
UniAcco,Tue Jul 18 10:12:19 UTC 2023
Kaizenat Technologies Pvt Ltd,Tue Jul 18 08:47:35 UTC 2023
Talent Corner HR Services Pvt Ltd,Tue Jul 18 08:46:44 UTC 2023
TekIT Software Solutions Pvt. Ltd. (India & USA),Tue Jul 18 08:45:50 UTC 2023
GFL Recruitment Private Limited,Tue Jul 18 08:44:32 UTC 2023
Technotel Services LLP,Tue Jul 18 08:43:45 UTC 2023
Upsquare®,Tue Jul 18 08:40:33 UTC 2023
SOLUTIONCUBE TECHNOLOGIES PRIVATE LIMITED,Tue Jul 18 08:33:47 UTC 2023
DevRabbit IT Solutions,Tue Jul 18 07:50:31 UTC 2023
Dotsquares,Tue Jul 18 07:49:27 UTC 2023
Scoodel,Tue Jul 18 07:48:06 UTC 2023
HighPoints Technologies India (P) Ltd,Tue Jul 18 07:46:45 UTC 2023
MindInventory,Tue Jul 18 07:44:36 UTC 2023
SkillStride,Tue Jul 18 07:44:07 UTC 2023
Bluribo Technologies and Consultancy,Tue Jul 18 07:40:55 UTC 2023
Navsoft ,Tue Jul 18 06:04:56 UTC 2023
theoceann.com,Tue Jul 18 04:53:17 UTC 2023
Quadeye,Tue Jul 18 04:50:23 UTC 2023
Rena IT Consultancy,Mon Jul 17 19:41:18 UTC 2023
Appinventiv,Mon Jul 17 09:07:40 UTC 2023
TBot Systems,Mon Jul 17 09:02:51 UTC 2023
WebKorps,Mon Jul 17 06:57:59 UTC 2023
Artmac,Mon Jul 17 06:38:58 UTC 2023
Nliven Technologies Pvt. Ltd.,Mon Jul 17 06:38:00 UTC 2023
Senzcraft,Mon Jul 17 04:39:57 UTC 2023
Lucidspire,Mon Jul 17 04:35:11 UTC 2023
Esync Technologies,Sun Jul 16 08:10:48 UTC 2023
XPayBack,Sun Jul 16 08:07:09 UTC 2023
GEORGE M MITSOGLOU,Sat Jul 15 09:42:52 UTC 2023
Codesis Technologies Private Limited,Sat Jul 15 07:22:31 UTC 2023
Pikture Associates Pvt Ltd,Sat Jul 15 06:11:21 UTC 2023
Mobile Programming LLC,Sat Jul 15 06:08:44 UTC 2023
Offshore Marketers,Sat Jul 15 06:07:43 UTC 2023
Ksolves India Limited,Sat Jul 15 06:06:37 UTC 2023
Peel-Works,Sat Jul 15 06:04:41 UTC 2023
Tecfuge Business Solutions ,Sat Jul 15 06:03:12 UTC 2023
Quarec Resources Pvt Ltd,Sat Jul 15 06:01:33 UTC 2023
Aspire SoftServ,Fri Jul 14 12:18:57 UTC 2023
Kodegurus Pvt. Ltd. Company,Fri Jul 14 09:14:28 UTC 2023
STUVALLEY TECHNOLOGY,Fri Jul 14 09:04:19 UTC 2023
THI Infotech,Fri Jul 14 09:00:38 UTC 2023
TEKsystems,Fri Jul 14 06:21:09 UTC 2023
ConsultBae Jobs,Fri Jul 14 06:19:38 UTC 2023
GenXHire Services Private Limited,Fri Jul 14 06:18:19 UTC 2023
ATF Labs,Fri Jul 14 06:17:57 UTC 2023
Backbase,Fri Jul 14 05:36:23 UTC 2023
SenecaGlobal,Fri Jul 14 05:32:30 UTC 2023
Spinnaker Analytics,Thu Jul 13 18:44:40 UTC 2023
Doeasily,Thu Jul 13 18:40:19 UTC 2023
Radix Analytics Pvt Ltd,Thu Jul 13 14:59:00 UTC 2023
Yoshops.com,Thu Jul 13 10:38:13 UTC 2023
Space Multimedia,Thu Jul 13 07:14:03 UTC 2023
BlueRose Technologies,Thu Jul 13 06:17:47 UTC 2023
Oracle,Thu Jul 13 05:52:09 UTC 2023
Capleo Global,Thu Jul 13 05:11:21 UTC 2023
TechMatrix,Thu Jul 13 05:10:01 UTC 2023
Nucleus Health Singapore,Thu Jul 13 04:58:44 UTC 2023
EmbarkingOnVoyage,Thu Jul 13 04:57:08 UTC 2023
CandidRoot Solutions Pvt. Ltd,Thu Jul 13 04:52:13 UTC 2023
Altimetrik,Wed Jul 12 19:44:59 UTC 2023
OPTEL Group,Wed Jul 12 19:43:00 UTC 2023
Ace Talent Consulting India,Wed Jul 12 19:41:59 UTC 2023
Arena ITsoft Consultancy pvt ltd,Wed Jul 12 18:54:45 UTC 2023
E42.ai,Wed Jul 12 18:17:20 UTC 2023
CollabPartnerz,Mon Jul 10 18:14:25 UTC 2023
Stellix,Thu Jul 06 09:04:52 UTC 2023
Lanatus Systems,Tue Jul 04 08:07:06 UTC 2023
The Sparks Foundation,Sat Jul 01 02:20:50 UTC 2023
Cisco,Tue May 30 05:07:28 UTC 2023
Lucidbrainz,Sun May 21 08:46:59 UTC 2023
Prydan Consultancy (Recruitment Agency),Tue May 16 12:12:59 UTC 2023
Simform,Wed May 10 05:17:11 UTC 2023
Wappnet Systems Pvt. Ltd.,Wed Apr 26 14:24:24 UTC 2023
StackNexus,Fri Apr 21 04:41:26 UTC 2023
EQDS,Thu Apr 20 09:23:39 UTC 2023
NewPage Solutions,Thu Apr 20 09:21:10 UTC 2023
Francium Tech,Thu Apr 20 09:20:27 UTC 2023
Techwin Labs LLP,Thu Apr 20 09:19:28 UTC 2023
AlphaGrep,Wed Apr 19 12:57:09 UTC 2023
GAC DIGITAL,Wed Apr 19 12:54:34 UTC 2023
Orange Technolab Private Limited,Sat Apr 15 10:22:30 UTC 2023
Sitaram Solutions,Sat Apr 15 07:28:17 UTC 2023
NEOTECH Solutions,Thu Apr 13 06:38:44 UTC 2023
alphastream.ai,Tue Apr 11 04:50:51 UTC 2023
Ivanti,Thu Apr 06 18:09:29 UTC 2023
ATC ONLINE,Thu Apr 06 18:05:47 UTC 2023
Nitor Infotech,Thu Apr 06 14:06:51 UTC 2023
SoftNice,Tue Apr 04 13:36:12 UTC 2023
Promact,Tue Apr 04 07:52:10 UTC 2023
Quixy,Tue Apr 04 07:51:13 UTC 2023
Ameyash Solutions,Mon Apr 03 15:43:56 UTC 2023
AvenDATA,Mon Apr 03 11:49:04 UTC 2023
Apagen Solutions Pvt. Ltd. (Odoo),Mon Apr 03 11:46:37 UTC 2023
Algoscale,Thu Mar 23 18:16:11 UTC 2023
"Wiser Solutions, Inc.",Thu Mar 23 18:14:09 UTC 2023
Geminate Consultancy Services,Thu Mar 23 18:08:31 UTC 2023
Caret IT Solutions Pvt. Ltd.,Tue Mar 21 12:37:25 UTC 2023
Gate2Innovate,Fri Feb 10 14:11:41 UTC 2023
Heli Bucket,Sat Jan 28 03:09:08 UTC 2023
JavaScript Developer,Sat Jan 07 08:09:37 UTC 2023
Coding Club,Sat Jan 07 08:09:36 UTC 2023
GeeksforGeeks,Sat Jan 07 08:09:34 UTC 2023
HackerRank,Sat Jan 07 08:09:31 UTC 2023
Softree Technology Pvt. Ltd,Wed Dec 21 18:43:05 UTC 2022
Spellbound Soft Solutions | Odoo Certified | Odoo Silver Partner,Wed Dec 21 18:40:16 UTC 2022
Redlio Designs,Thu Nov 03 14:21:31 UTC 2022
Tech Arion ,Fri Oct 07 07:34:00 UTC 2022
DigiSprint Solutions,Tue Sep 20 16:12:57 UTC 2022
Nohitatu Technologies Private Limited,Tue Sep 20 16:12:24 UTC 2022
Maren Solutions Pvt Ltd,Tue Sep 20 16:12:06 UTC 2022
Quicko,Tue Sep 20 16:11:16 UTC 2022
NetBiz Systems Pvt. Ltd.,Tue Sep 20 16:11:00 UTC 2022
RDP Workstations Pvt.Ltd,Tue Sep 20 16:09:53 UTC 2022
Innovation Incubator Advisory,Tue Sep 20 16:09:30 UTC 2022
L&T Technology Services,Sun Sep 11 12:30:39 UTC 2022
Waayslive Solutions Private Limited,Wed Sep 07 09:12:37 UTC 2022
AFIV DATA OUTSOURCING ,Wed Sep 07 09:11:06 UTC 2022
Leadersource Consulting,Wed Sep 07 09:09:27 UTC 2022
Confidential,Wed Sep 07 09:08:45 UTC 2022
IndiQube,Wed Sep 07 09:05:54 UTC 2022
Innowhiz IT Services Pvt. Ltd.,Sat Sep 03 02:43:51 UTC 2022
Calibyte Private Limited,Sat Sep 03 02:42:56 UTC 2022
TIGI HR ®,Sat Sep 03 02:40:23 UTC 2022
Futurelens Technology,Sat Sep 03 02:35:46 UTC 2022
TECHstile,Sat Sep 03 02:26:42 UTC 2022
SourceFuse,Sat Sep 03 02:25:23 UTC 2022
Arham Share Private Limited.,Sat Sep 03 02:23:57 UTC 2022
Loginsoft,Fri Sep 02 09:09:49 UTC 2022
Cloverworld Technologies,Fri Sep 02 09:09:22 UTC 2022
CrossML Pvt Ltd,Fri Sep 02 05:02:35 UTC 2022
TDS Infra Estate Developers Private Limited,Fri Sep 02 05:00:23 UTC 2022
brillersys,Fri Sep 02 04:56:29 UTC 2022
Gm Infotech,Fri Sep 02 04:50:07 UTC 2022
Ticvic Technologies,Fri Sep 02 04:49:36 UTC 2022
Dimiour,Fri Sep 02 04:48:09 UTC 2022
Aptagrim Limited,Fri Sep 02 04:47:05 UTC 2022
HRPG Intern,Thu Sep 01 02:52:04 UTC 2022
Ventura,Thu Sep 01 02:48:40 UTC 2022
EnergyTech Global,Wed Aug 31 11:43:27 UTC 2022
ARVASIT,Wed Aug 31 11:43:23 UTC 2022
KISAN,Fri Aug 26 13:31:56 UTC 2022
SANESQUARE Technologies,Sun Aug 21 21:59:47 UTC 2022
URG Groups,Sun Aug 21 21:58:33 UTC 2022
Effiya Technologies,Sun Aug 21 21:57:14 UTC 2022
XIRCLS - 360° Martech Stack & Decentralized Collaborative Marketing Network ,Sun Aug 21 21:40:11 UTC 2022
Virtusa,Sun Aug 21 21:38:20 UTC 2022
Buysold,Mon Aug 15 08:28:45 UTC 2022
Trinet-ra Technology,Thu Aug 11 12:21:57 UTC 2022
EduGorilla,Mon Aug 01 10:19:00 UTC 2022
Shiryam Technologies,Sat Jul 30 03:58:43 UTC 2022
Axanta Business Solutions (Axanta ERP),Fri Jul 29 17:10:40 UTC 2022
Navabrind IT Solutions Pvt Ltd,Fri Jul 29 17:09:49 UTC 2022
HTIC Global,Fri Jul 29 17:09:24 UTC 2022
gnani.ai,Fri Jul 29 16:55:19 UTC 2022
echoBitz IT Solutions Private Limited,Wed Jul 27 08:01:48 UTC 2022
M R Group Tech,Wed Mar 08 12:04:17 UTC 2023
Lapis Infotech,Sat Feb 25 19:45:50 UTC 2023
Persistent Systems,Sun Mar 26 11:36:09 UTC 2023
BizzAppDev Systems Pvt. Ltd.,Tue Nov 28 12:56:06 UTC 2023
39k Group,Sat Jul 01 02:20:45 UTC 2023
TechUltra Solutions Private Limited,Thu Jul 20 18:04:54 UTC 2023
IQMatrix Infoways Solutions Pvt Ltd,Mon Jul 24 08:47:36 UTC 2023
Swan Softweb Solutions,Fri Jul 29 16:56:36 UTC 2022
Tekki Web Solutions Inc.,Fri Jul 14 09:15:43 UTC 2023
Accrete AI,Mon Aug 01 14:40:20 UTC 2022
"The Money Club, India",Thu Jul 27 06:46:58 UTC 2023
BrowseInfo,Wed Aug 09 07:39:35 UTC 2023
OnGraph Technologies Limited,Thu Sep 01 02:50:56 UTC 2022
Kanak Infosystems LLP.,Tue Apr 11 04:53:01 UTC 2023
Codvo.ai,Thu Apr 06 18:08:23 UTC 2023
Eastvantage,Sat Aug 05 01:28:53 UTC 2023
Gmware,Fri Jul 29 16:52:32 UTC 2022
Trailytics ,Wed Jul 26 07:57:19 UTC 2023