Question,Answer
How many years of work experience do you have with Embedded C?,0
How many years of work experience do you have with Cloud Development?,0
How many years of work experience do you have with AWS Lambda?,0
How many years of work experience do you have with React Native?,0
How many years of work experience do you have with Keras?,0
How many years of work experience do you have with Java?,0
How many years of work experience do you have with Point of Sale (POS) Systems?,1
How many years of work experience do you have with Oracle Database?,0
We must fill this position urgently. Can you start immediately?,Yes
How many years of work experience do you have with TCL?,0
How many years of work experience do you have with Programming Languages?,1
Please submit a resume or LinkedIn profile,1960565597.pdf
How many years of work experience do you have with Relational Databases?,1
How many years of work experience do you have with Databases?,1
How many years of work experience do you have with Robot?,0
How many years of IT experience do you currently have?,1
"Are you willing to undergo a background check, in accordance with local law/regulations?",No
How many years of work experience do you have with JSON?,0
How many years of work experience do you have with SQL?,1
How many years of work experience do you have with Skill Development?,1
Major / Field of study,
How many years of work experience do you have with Selenium?,0
How many years of work experience do you have with Problem Solving?,1
How many years of work experience do you have with CodeIgniter?,0
How many years of work experience do you have with HTML5?,0
Are you legally authorized to work in TW?,No
How many years of work experience do you have with Jenkins?,0
How many years of DSGN experience do you currently have?,0
How many years of work experience do you have with Web Crawling?,0
How many years of work experience do you have with Programmable Logic Controller (PLC)?,0
How many years of work experience do you have with Cascading Style Sheets (CSS)?,0
How many years of work experience do you have with .NET Framework?,0
How many years of work experience do you have with Marketing?,0
How many years of work experience do you have with API Development?,0
How many years of PRJM experience do you currently have?,0
State / Province,
How many years of work experience do you have with Vue.js?,0
First name,
How many years of work experience do you have with Subversion?,0
How many years of work experience do you have with PHP?,0
How many years of work experience do you have with REST APIs?,2
How many years of work experience do you have with Windows?,0
How many years of work experience do you have with Alteryx?,0
School,
How many years of work experience do you have with Linux?,2
What is your level of proficiency in chi?,None
How many years of work experience do you have with C#?,0
How many years of work experience do you have with Machine Learning?,0
How many years of work experience do you have with Bash?,0
How many years of work experience do you have with Recruiting?,0
City,
Do you have a valid driver's license?,Yes
How many years of work experience do you have with Docker Products?,0
Are you comfortable working in a hybrid setting?,Yes
How many years of work experience do you have with Spring Boot?,0
How many years of work experience do you have with Cloud Computing?,0
How many years of work experience do you have with Google Cloud Platform (GCP)?,0
How many years of work experience do you have with Big Data?,0
How many years of work experience do you have with Node.js?,0
How many years of work experience do you have with Front Office Operations?,0
How many years of work experience do you have with Pandas (Software)?,1
Company,
How many years of work experience do you have with Laravel?,0
How many years of work experience do you have with Bootstrap (Framework)?,0
ZIP / Postal Code,
Last name,
How many years of work experience do you have with Ansible?,0
How many years of work experience do you have with React.js?,0
Degree,
How many years of work experience do you have with Embedded Systems?,0
How many years of work experience do you have with BigSQL?,0
How many years of work experience do you have with Redux.js?,0
How many years of work experience do you have with Backbone.js?,0
How many years of work experience do you have with Pycharm?,0
How many years of ENG experience do you currently have?,0
How many years of work experience do you have with Ethereum?,0
How many years of work experience do you have with D3.js?,0
How many years of work experience do you have with HTML?,0
How many years of work experience do you have with Visual Basic for Applications (VBA)?,0
How many years of work experience do you have with Framework Design?,1
How many years of work experience do you have with MySQL?,2
How many years of work experience do you have with iOS?,0
How many years of work experience do you have with PyTorch?,0
How many years of work experience do you have with Angular CLI?,0
How many years of work experience do you have with Niche Talent Acquisition?,0
Your title,
How many years of work experience do you have with Operating Systems?,1
Street address line 2,
How many years of work experience do you have with Full-Stack Development?,0
Are you comfortable working in an onsite setting?,Yes
How many years of work experience do you have with Android?,0
How many years of work experience do you have with MongoDB?,0
How many years of work experience do you have with JScript?,0
Have you completed the following level of education: Bachelor's Degree?,Yes
How many years of urn:li:industry:4 experience do you currently have?,1
How many years of work experience do you have with Open-Source Software?,0
