savedItem,createdTime
https://www.linkedin.com/feed/update/urn:li:activity:7099593437426925568,2023-08-23 07:29:33
https://www.linkedin.com/feed/update/urn:li:activity:7080024584216879104,2023-06-29 05:19:24
https://www.linkedin.com/feed/update/urn:li:activity:7046761992702898176,2023-03-30 12:04:32
https://www.linkedin.com/feed/update/urn:li:activity:7037108242614820865,2023-03-04 16:55:44
https://www.linkedin.com/feed/update/urn:li:activity:7034851476636078080,2023-02-24 15:29:26
https://www.linkedin.com/feed/update/urn:li:activity:7030739834587484160,2023-02-13 05:06:50
https://www.linkedin.com/feed/update/urn:li:activity:7026423878948167680,2023-02-04 03:43:30
https://www.linkedin.com/feed/update/urn:li:activity:7023924421035761664,2023-01-26 02:40:45
